,day,time,open,high,close,low,volume,price_change,p_change,ma5,ma10,ma20,v_ma5,v_ma10,v_ma20,turnover
0,2018-01-19,15:00:00,39.44,39.45,39.41,39.37,7991.52,-0.03,-0.08,39.476,39.651,39.8325,11623.3,8927.56,7330.51,0.01
1,2018-01-19,14:55:00,39.39,39.52,39.45,39.38,12956.2,0.06,0.15,39.564,39.703,39.8595,11013.4,8532.87,7199.58,0.01
2,2018-01-19,14:50:00,39.5,39.68,39.4,39.38,7372.6,-0.1,-0.25,39.636,39.758,39.8845,9858.85,7605.54,7110.5,0.01
3,2018-01-19,14:45:00,39.56,39.58,39.55,39.28,18394.0,-0.01,-0.03,39.706,39.817,39.914,10597.0,7146.81,7017.22,0.02
4,2018-01-19,14:40:00,39.86,39.86,39.57,39.56,11402.0,-0.29,-0.73,39.77,39.862,39.934,7615.79,6231.89,6410.7,0.01
5,2018-01-19,14:35:00,39.82,39.99,39.85,39.82,4942.12,0.03,0.08,39.826,39.919,39.9595,6231.85,5592.2,6025.54,0.01
6,2018-01-19,14:30:00,39.74,39.83,39.81,39.66,7183.52,0.07,0.18,39.842,39.958,39.975,6052.35,5542.92,6005.61,0.01
7,2018-01-19,14:25:00,39.87,39.87,39.75,39.7,11063.6,-0.12,-0.3,39.88,39.992,39.988,5352.23,5123.7,5983.17,0.01
8,2018-01-19,14:20:00,39.85,39.9,39.87,39.82,3487.72,0.02,0.05,39.928,40.017,39.999,3696.58,4691.06,5983.2,0.0
9,2018-01-19,14:15:00,39.93,39.96,39.85,39.85,4482.28,-0.08,-0.2,39.954,40.014,40.013,4847.99,4992.02,6358.51,0.0
10,2018-01-19,14:10:00,40.0,40.0,39.93,39.9,4044.64,-0.07,-0.18,40.012,40.014,40.0275,4952.56,5733.47,6554.12,0.0
11,2018-01-19,14:05:00,39.96,40.01,40.0,39.94,3682.92,0.04,0.1,40.074,40.016,40.0445,5033.49,5866.3,7055.32,0.0
12,2018-01-19,14:00:00,40.0,40.02,39.99,39.96,2785.32,-0.01,-0.03,40.104,40.011,40.083,4895.18,6615.45,7564.35,0.0
13,2018-01-19,13:55:00,40.13,40.27,40.0,40.0,9244.8,-0.13,-0.32,40.106,40.011,40.1295,5685.54,6887.63,8314.23,0.01
14,2018-01-19,13:50:00,40.24,40.24,40.14,40.11,5005.12,-0.1,-0.25,40.074,40.006,40.179,5136.05,6589.5,8852.55,0.01
15,2018-01-19,13:45:00,40.16,40.24,40.24,39.98,4449.28,0.08,0.2,40.016,40.0,40.2035,6514.38,6458.87,9450.63,0.0
16,2018-01-19,13:40:00,40.02,40.15,40.15,39.94,2991.36,0.13,0.32,39.958,39.992,40.222,6699.1,6468.29,10042.5,0.0
17,2018-01-19,13:35:00,39.83,40.0,40.0,39.8,6737.12,0.17,0.43,39.918,39.984,40.2415,8335.73,6842.63,10610.6,0.01
18,2018-01-19,13:30:00,39.85,39.93,39.84,39.83,6497.36,-0.01,-0.03,39.916,39.981,40.2515,8089.72,7275.34,10604.6,0.01
19,2018-01-19,13:25:00,39.95,39.95,39.85,39.82,11896.8,-0.1,-0.25,39.938,40.012,40.257,8042.95,7725.01,10791.6,0.01
20,2018-01-19,13:20:00,39.94,39.95,39.95,39.9,5372.88,0.01,0.03,39.984,40.041,40.2675,6403.36,7374.77,10511.8,0.01
21,2018-01-19,13:15:00,39.99,40.06,39.95,39.9,11174.5,-0.04,-0.1,40.026,40.073,40.2655,6237.48,8244.34,10775.3,0.01
22,2018-01-19,13:10:00,39.94,40.15,39.99,39.93,5507.04,0.05,0.13,40.05,40.155,40.272,5349.54,8513.24,10481.1,0.01
23,2018-01-19,13:05:00,40.08,40.08,39.95,39.93,6263.52,-0.13,-0.32,40.046,40.248,40.2835,6460.97,9740.83,10772.5,0.01
24,2018-01-19,11:30:00,40.17,40.17,40.08,40.04,3698.84,-0.09,-0.22,40.086,40.352,40.302,7407.06,11115.6,11304.5,0.0
25,2018-01-19,11:25:00,40.1,40.17,40.16,40.03,4543.52,0.06,0.15,40.098,40.407,40.3025,8346.19,12442.4,11950.3,0.0
26,2018-01-19,11:20:00,39.99,40.14,40.07,39.92,6734.76,0.08,0.2,40.12,40.452,40.3055,10251.2,13616.7,13058.6,0.01
27,2018-01-19,11:15:00,40.17,40.24,39.97,39.95,11064.2,-0.2,-0.5,40.26,40.499,40.3375,11677.0,14378.7,15102.2,0.01
28,2018-01-19,11:10:00,40.13,40.15,40.15,40.03,10994.0,0.02,0.05,40.45,40.522,40.388,13020.7,13933.9,17153.8,0.01
29,2018-01-19,11:05:00,40.27,40.28,40.14,40.1,8394.46,-0.13,-0.32,40.618,40.502,40.369,14824.1,13858.1,16941.7,0.01
30,2018-01-19,11:00:00,40.81,40.81,40.27,40.27,14068.6,-0.54,-1.32,40.716,40.494,40.352,16538.6,13648.8,17177.0,0.01
31,2018-01-19,10:55:00,40.94,41.0,40.77,40.66,13863.5,-0.17,-0.42,40.784,40.458,40.326,16982.3,13306.2,17029.7,0.01
32,2018-01-19,10:50:00,40.99,41.0,40.92,40.81,17782.9,-0.07,-0.17,40.738,40.389,40.281,17080.4,12449.0,16879.5,0.02
33,2018-01-19,10:45:00,40.62,40.99,40.99,40.5,20011.2,0.37,0.91,40.594,40.319,40.231,14847.1,11804.2,16676.3,0.02
34,2018-01-19,10:40:00,40.61,40.85,40.63,40.6,16966.8,0.02,0.05,40.386,40.252,40.1825,12892.1,11493.5,15886.6,0.02
35,2018-01-19,10:35:00,40.65,40.73,40.61,40.51,16287.0,-0.04,-0.1,40.272,40.198,40.155,10759.1,11458.2,15289.1,0.02
36,2018-01-19,10:30:00,40.2,40.57,40.54,40.19,14353.9,0.34,0.85,40.132,40.159,40.125,9630.11,12500.5,14859.3,0.01
37,2018-01-19,10:25:00,39.95,40.25,40.2,39.95,6616.78,0.25,0.63,40.04,40.176,40.1045,7817.69,15825.8,14417.7,0.01
38,2018-01-19,10:20:00,39.99,39.99,39.95,39.8,10235.9,-0.04,-0.1,40.044,40.254,40.1,8761.31,20373.6,14275.7,0.01
39,2018-01-19,10:15:00,39.97,40.1,40.06,39.95,6301.68,0.09,0.23,40.118,40.236,40.1025,10094.9,20025.3,14252.7,0.01
40,2018-01-19,10:10:00,40.07,40.07,39.91,39.91,10642.3,-0.16,-0.4,40.124,40.21,40.1095,12157.4,20705.3,14308.8,0.01
41,2018-01-19,10:05:00,40.22,40.28,40.08,40.07,5291.78,-0.14,-0.35,40.186,40.194,40.1265,15370.8,20753.2,14329.4,0.01
42,2018-01-19,10:00:00,40.33,40.4,40.22,40.18,11334.9,-0.11,-0.27,40.312,40.173,40.138,23833.8,21309.9,15065.6,0.01
43,2018-01-19,09:55:00,40.05,40.45,40.32,39.87,16903.6,0.27,0.67,40.464,40.143,40.153,31985.9,21548.3,16029.8,0.02
44,2018-01-19,09:50:00,40.22,40.4,40.09,40.01,16614.4,-0.13,-0.32,40.354,40.113,40.1385,29955.8,20279.7,15608.4,0.02
45,2018-01-19,09:45:00,40.7,40.71,40.22,40.22,26709.3,-0.48,-1.18,40.296,40.112,40.1305,29253.1,19119.9,15062.5,0.03
46,2018-01-19,09:40:00,40.96,41.01,40.71,40.61,47607.0,-0.25,-0.61,40.202,40.091,40.109,26135.5,17218.1,14450.6,0.05
47,2018-01-19,09:35:00,39.89,41.0,40.98,39.89,52095.2,1.09,2.73,40.034,40.033,40.067,18786.0,13009.7,12386.6,0.05
48,2018-01-18,15:00:00,39.79,39.81,39.77,39.76,6753.08,-0.02,-0.05,39.822,39.946,40.0005,11110.7,8177.72,9953.31,0.01
49,2018-01-18,14:55:00,39.76,39.8,39.8,39.7,13101.0,0.04,0.1,39.872,39.969,39.9905,10603.6,8480.02,9796.77,0.01
50,2018-01-18,14:50:00,39.84,39.84,39.75,39.71,11121.4,-0.09,-0.23,39.928,40.009,39.9885,8986.65,7912.38,9326.07,0.01
51,2018-01-18,14:45:00,39.92,40.0,39.87,39.86,10859.1,-0.05,-0.13,39.98,40.059,39.9885,8300.71,7905.7,8919.31,0.01
52,2018-01-18,14:40:00,40.03,40.04,39.92,39.84,13719.0,-0.11,-0.27,40.032,40.103,39.9685,7233.39,8821.29,8624.61,0.01
53,2018-01-18,14:35:00,40.1,40.13,40.02,40.0,4217.4,-0.08,-0.2,40.07,40.163,39.9495,5244.72,10511.3,8445.64,0.0
54,2018-01-18,14:30:00,39.95,40.1,40.08,39.95,5016.36,0.13,0.33,40.066,40.164,39.911,6356.46,10937.2,8952.49,0.01
55,2018-01-18,14:25:00,40.13,40.15,40.01,39.82,7691.68,-0.12,-0.3,40.09,40.149,39.894,6838.11,11005.2,8936.29,0.01
56,2018-01-18,14:20:00,40.1,40.22,40.13,40.1,5522.52,0.03,0.07,40.138,40.127,39.8835,7510.7,11683.1,8764.19,0.01
57,2018-01-18,14:15:00,40.0,40.11,40.11,40.0,3775.64,0.11,0.28,40.174,40.101,39.867,10409.2,11763.5,8723.01,0.0
58,2018-01-18,14:10:00,40.2,40.2,40.0,40.0,9776.12,-0.2,-0.5,40.256,40.055,39.8475,15778.0,11728.9,8793.58,0.01
59,2018-01-18,14:05:00,40.21,40.27,40.2,40.14,7424.6,-0.01,-0.02,40.262,40.012,39.8395,15517.9,11113.5,8505.16,0.01
60,2018-01-18,14:00:00,40.44,40.45,40.25,40.22,11054.6,-0.19,-0.47,40.208,39.968,39.822,15172.3,10739.8,8606.21,0.01
61,2018-01-18,13:55:00,40.56,40.63,40.31,40.3,20015.0,-0.25,-0.62,40.116,39.918,39.8045,15855.4,9932.92,8408.5,0.02
62,2018-01-18,13:50:00,40.04,40.52,40.52,40.03,30619.5,0.48,1.2,40.028,39.834,39.782,13117.8,8427.93,8106.34,0.03
63,2018-01-18,13:45:00,39.94,40.05,40.03,39.91,8475.8,0.09,0.23,39.854,39.736,39.756,7679.86,6379.94,7597.29,0.01
64,2018-01-18,13:40:00,39.77,39.95,39.93,39.77,5696.36,0.16,0.4,39.762,39.658,39.7495,6709.12,6967.81,7724.27,0.01
65,2018-01-18,13:35:00,39.85,40.06,39.79,39.79,14470.4,-0.06,-0.15,39.728,39.639,39.745,6307.25,6867.41,7998.97,0.01
66,2018-01-18,13:30:00,39.65,39.9,39.87,39.64,6326.72,0.22,0.55,39.72,39.64,39.7485,4010.42,5845.33,7916.66,0.01
67,2018-01-18,13:25:00,39.56,39.76,39.65,39.55,3430.0,0.09,0.23,39.64,39.633,39.7345,3738.1,5682.55,8173.36,0.0
68,2018-01-18,13:20:00,39.8,39.8,39.57,39.56,3622.12,-0.23,-0.58,39.618,39.64,39.7365,5080.02,5858.25,8926.22,0.0
69,2018-01-18,13:15:00,39.74,39.82,39.76,39.72,3687.0,0.02,0.05,39.554,39.667,39.7555,7226.49,5896.8,9970.21,0.0
70,2018-01-18,13:10:00,39.48,39.75,39.75,39.47,2986.28,0.27,0.68,39.55,39.676,39.7625,7427.56,6472.67,10599.9,0.0
71,2018-01-18,13:05:00,39.54,39.55,39.47,39.39,4965.08,-0.07,-0.18,39.56,39.691,39.771,7680.23,6884.09,11104.5,0.01
72,2018-01-18,11:30:00,39.26,39.59,39.54,39.2,10139.6,0.28,0.71,39.626,39.73,39.772,7627.01,7784.76,11617.4,0.01
73,2018-01-18,11:25:00,39.76,39.76,39.25,39.22,14354.5,-0.51,-1.28,39.662,39.776,39.771,6636.49,8814.64,12222.4,0.01
74,2018-01-18,11:20:00,39.79,39.84,39.74,39.73,4692.36,-0.05,-0.13,39.78,39.841,39.793,4567.11,8480.74,12979.7,0.0
75,2018-01-18,11:15:00,39.79,39.89,39.8,39.77,4249.6,0.01,0.03,39.802,39.851,39.806,5517.78,9130.53,14145.7,0.0
76,2018-01-18,11:10:00,39.72,39.81,39.8,39.69,4699.0,0.08,0.2,39.822,39.857,39.7915,6087.95,9987.99,15122.6,0.0
77,2018-01-18,11:05:00,39.82,39.85,39.72,39.72,5187.0,-0.1,-0.25,39.834,39.836,39.7915,7942.51,10664.2,15316.1,0.01
78,2018-01-18,11:00:00,39.81,39.89,39.84,39.77,4007.6,0.03,0.08,39.89,39.833,39.7975,10992.8,11994.2,16306.4,0.0
79,2018-01-18,10:55:00,39.86,39.92,39.85,39.75,9445.72,-0.01,-0.03,39.902,39.844,39.796,12394.4,14043.6,17202.7,0.01
80,2018-01-18,10:50:00,39.86,39.98,39.9,39.82,7100.44,0.04,0.1,39.9,39.849,39.798,12743.3,14727.2,17815.7,0.01
81,2018-01-18,10:45:00,39.99,40.08,39.86,39.79,13971.8,-0.13,-0.33,39.892,39.851,39.7895,13888.0,15324.8,18419.9,0.01
82,2018-01-18,10:40:00,39.9,40.15,40.0,39.86,20438.4,0.1,0.25,39.838,39.814,39.78,13385.8,15450.1,19021.7,0.02
83,2018-01-18,10:35:00,39.84,39.94,39.9,39.84,11015.5,0.06,0.15,39.776,39.766,39.731,12995.6,15630.2,18588.9,0.01
84,2018-01-18,10:30:00,39.81,39.86,39.84,39.71,11190.2,0.03,0.08,39.786,39.745,39.673,15692.9,17478.6,18358.9,0.01
85,2018-01-18,10:25:00,39.53,39.92,39.86,39.53,12824.2,0.33,0.83,39.798,39.761,39.6185,16711.1,19160.9,18114.4,0.01
86,2018-01-18,10:20:00,39.68,39.68,39.59,39.47,11460.9,-0.09,-0.23,39.81,39.726,39.555,16761.6,20257.2,17878.9,0.01
87,2018-01-18,10:15:00,39.89,39.99,39.69,39.69,18487.0,-0.2,-0.5,39.79,39.747,39.5145,17514.4,19968.0,17664.3,0.02
88,2018-01-18,10:10:00,39.92,40.07,39.95,39.9,24502.0,0.03,0.08,39.756,39.762,39.4675,18264.9,20618.7,16984.6,0.03
89,2018-01-18,10:05:00,39.9,39.95,39.9,39.77,16281.6,0.0,0.0,39.704,39.748,39.4195,19264.4,20361.8,16557.7,0.02
90,2018-01-18,10:00:00,39.51,39.92,39.92,39.5,13076.7,0.41,1.04,39.724,39.747,39.393,21610.6,20904.2,16198.9,0.01
91,2018-01-18,09:55:00,39.5,39.59,39.49,39.4,15224.7,-0.01,-0.03,39.642,39.728,39.347,23752.7,21515.1,16145.9,0.02
92,2018-01-18,09:50:00,39.69,39.78,39.52,39.47,22239.7,-0.17,-0.43,39.704,39.746,39.319,22421.7,22593.3,15713.8,0.02
93,2018-01-18,09:45:00,40.0,40.09,39.69,39.69,29499.1,-0.31,-0.78,39.768,39.696,39.269,22972.4,21547.6,15096.8,0.03
94,2018-01-18,09:40:00,39.48,40.0,40.0,39.34,28012.8,0.52,1.32,39.792,39.601,39.218,21459.2,19239.3,14268.5,0.03
95,2018-01-18,09:35:00,39.55,39.55,39.51,38.9,23787.3,-0.04,-0.1,39.77,39.476,39.1545,20197.8,17067.9,13268.9,0.02
96,2018-01-17,15:00:00,39.84,39.85,39.8,39.8,8569.44,-0.04,-0.1,39.814,39.384,39.1135,19277.4,15500.6,12561.5,0.01
97,2018-01-17,14:55:00,39.81,39.9,39.84,39.79,24993.4,0.03,0.08,39.788,39.282,39.053,22764.8,15360.6,12685.0,0.03
98,2018-01-17,14:50:00,39.88,39.9,39.81,39.72,21933.0,-0.07,-0.18,39.624,39.173,39.001,20122.8,13350.5,11859.2,0.02
99,2018-01-17,14:45:00,39.73,39.99,39.89,39.71,21705.8,0.16,0.4,39.41,39.091,38.9645,17019.4,12753.7,11232.1,0.02
100,2018-01-17,14:40:00,39.67,39.73,39.73,39.4,19185.4,0.06,0.15,39.182,39.039,38.899,13937.9,11493.7,10486.5,0.02
101,2018-01-17,14:35:00,39.02,39.71,39.67,39.02,26006.6,0.65,1.67,38.954,38.966,38.8515,11723.8,10776.7,9954.02,0.03
102,2018-01-17,14:30:00,38.75,39.06,39.02,38.74,11783.0,0.27,0.7,38.776,38.892,38.79,7956.26,8834.3,9816.11,0.01
103,2018-01-17,14:25:00,38.75,38.85,38.74,38.69,6415.96,-0.01,-0.03,38.722,38.842,38.7665,6578.26,8646.0,10391.8,0.01
104,2018-01-17,14:20:00,38.59,38.75,38.75,38.56,6298.64,0.16,0.41,38.772,38.835,38.778,8488.02,9297.71,11282.2,0.01
105,2018-01-17,14:15:00,38.79,38.81,38.59,38.55,8114.68,-0.2,-0.52,38.896,38.833,38.7965,9049.42,9469.99,11542.8,0.01
106,2018-01-17,14:10:00,38.75,38.82,38.78,38.74,7169.04,0.03,0.08,38.978,38.843,38.832,9829.69,9622.37,11807.7,0.01
107,2018-01-17,14:05:00,38.98,38.98,38.75,38.71,4892.96,-0.23,-0.59,39.008,38.824,38.8605,9712.34,10009.5,11847.8,0.01
108,2018-01-17,14:00:00,39.35,39.35,38.99,38.94,15964.8,-0.36,-0.91,38.962,38.829,38.893,10713.8,10367.9,12133.6,0.02
109,2018-01-17,13:55:00,39.0,39.37,39.37,39.0,9105.64,0.37,0.95,38.898,38.838,38.926,10107.4,9710.6,11814.4,0.01
110,2018-01-17,13:50:00,38.93,39.09,39.0,38.93,12016.0,0.07,0.18,38.77,38.759,38.947,9890.55,9479.3,11827.2,0.01
111,2018-01-17,13:45:00,38.55,38.93,38.93,38.55,6582.32,0.38,0.99,38.708,38.737,38.9915,9415.05,9131.31,11751.1,0.01
112,2018-01-17,13:40:00,38.69,38.69,38.52,38.5,9900.0,-0.17,-0.44,38.64,38.688,39.0435,10306.7,10797.9,12013.8,0.01
113,2018-01-17,13:35:00,38.73,38.79,38.67,38.66,12933.0,-0.06,-0.15,38.696,38.691,39.0865,10022.1,12137.6,12418.9,0.01
114,2018-01-17,13:30:00,38.7,38.83,38.73,38.66,8021.44,0.03,0.08,38.778,38.721,39.143,9313.81,13266.6,12687.5,0.01
115,2018-01-17,13:25:00,38.62,38.76,38.69,38.61,9638.48,0.07,0.18,38.748,38.76,39.2055,9068.05,13615.6,13169.6,0.01
116,2018-01-17,13:20:00,38.8,38.85,38.59,38.52,11040.7,-0.21,-0.54,38.766,38.821,39.281,8847.58,13993.0,14160.6,0.01
117,2018-01-17,13:15:00,39.07,39.08,38.8,38.8,8476.72,-0.27,-0.69,38.736,38.897,39.379,11289.1,13686.0,14880.3,0.01
118,2018-01-17,13:10:00,38.58,39.08,39.08,38.57,9391.72,0.5,1.3,38.686,38.957,39.4495,14253.2,13899.2,16110.4,0.01
119,2018-01-17,13:05:00,38.78,38.78,38.58,38.49,6792.64,-0.2,-0.52,38.664,39.014,39.503,17219.4,13918.2,17460.5,0.01
120,2018-01-17,11:30:00,38.4,38.8,38.78,38.39,8536.12,0.38,0.99,38.772,39.135,39.543,18163.2,14175.1,17776.7,0.01
121,2018-01-17,11:25:00,38.55,38.6,38.44,38.31,23248.3,-0.11,-0.29,38.876,39.246,39.559,19138.5,14370.9,18899.7,0.02
122,2018-01-17,11:20:00,38.97,38.99,38.55,38.55,23297.0,-0.42,-1.08,39.058,39.399,39.5975,16082.9,13229.6,19401.3,0.02
123,2018-01-17,11:15:00,39.08,39.1,38.97,38.9,24223.1,-0.11,-0.28,39.228,39.482,39.611,13545.3,12700.1,20343.0,0.02
124,2018-01-17,11:10:00,39.25,39.4,39.12,39.12,11511.3,-0.13,-0.33,39.364,39.565,39.6335,10617.0,12108.4,21940.3,0.01
125,2018-01-17,11:05:00,39.35,39.44,39.3,39.13,13412.8,-0.05,-0.13,39.498,39.651,39.6865,10187.0,12723.6,22103.9,0.01
126,2018-01-17,11:00:00,39.42,39.55,39.35,39.34,7970.28,-0.07,-0.18,39.616,39.741,39.716,9603.35,14328.2,22479.9,0.01
127,2018-01-17,10:55:00,39.59,39.59,39.4,39.34,10609.2,-0.19,-0.48,39.74,39.861,39.776,10376.4,16074.6,23613.7,0.01
128,2018-01-17,10:50:00,39.79,39.82,39.65,39.65,9581.24,-0.14,-0.35,39.736,39.942,39.8355,11855.0,18321.6,25288.4,0.01
129,2018-01-17,10:45:00,39.9,39.9,39.79,39.75,9361.44,-0.11,-0.28,39.766,39.992,39.856,13599.9,21002.7,26875.1,0.01
130,2018-01-17,10:40:00,39.97,40.01,39.89,39.84,10494.6,-0.08,-0.2,39.804,39.951,39.857,15260.2,21378.3,28289.9,0.01
131,2018-01-17,10:35:00,39.4,39.99,39.97,39.38,11835.4,0.57,1.45,39.866,39.872,39.861,19053.1,23428.5,30605.9,0.01
132,2018-01-17,10:30:00,39.79,39.79,39.38,39.37,18002.1,-0.41,-1.03,39.982,39.796,39.8275,21772.8,25572.9,31148.3,0.02
133,2018-01-17,10:25:00,40.0,40.0,39.8,39.75,18306.0,-0.2,-0.5,40.148,39.74,39.8075,24788.3,27985.8,32479.9,0.02
134,2018-01-17,10:20:00,40.2,40.2,39.98,39.87,17663.0,-0.22,-0.55,40.218,39.702,39.765,28405.5,31772.1,32676.9,0.02
135,2018-01-17,10:15:00,40.57,40.57,40.2,40.18,29459.2,-0.37,-0.91,40.098,39.722,39.681,27496.3,31484.2,32576.7,0.03
136,2018-01-17,10:10:00,40.2,40.55,40.55,39.99,25433.8,0.35,0.87,39.878,39.691,39.5875,27803.8,30631.5,31744.1,0.03
137,2018-01-17,10:05:00,40.15,40.49,40.21,39.91,33079.4,0.06,0.15,39.61,39.691,39.473,29373.0,31152.7,31237.2,0.03
138,2018-01-17,10:00:00,39.4,40.17,40.15,39.4,36392.2,0.75,1.9,39.332,39.729,39.3685,31183.4,32255.2,30242.1,0.04
139,2018-01-17,09:55:00,39.12,39.38,39.38,39.1,13117.0,0.26,0.66,39.186,39.72,39.2625,35138.7,32747.5,29508.1,0.01
140,2018-01-17,09:50:00,39.22,39.38,39.1,38.99,30996.8,-0.12,-0.31,39.346,39.763,39.216,35472.0,35201.5,30589.6,0.03
141,2018-01-17,09:45:00,38.85,39.36,39.21,38.85,33279.5,0.36,0.93,39.504,39.85,39.183,33459.1,37783.2,30466.5,0.03
142,2018-01-17,09:40:00,39.39,39.39,38.82,38.82,42131.6,-0.57,-1.45,39.772,39.859,39.143,32932.5,36723.8,29987.8,0.04
143,2018-01-17,09:35:00,39.45,39.84,39.42,39.06,56168.6,-0.03,-0.08,40.126,39.875,39.127,33327.1,36974.0,30418.8,0.06
144,2018-01-16,15:00:00,39.89,40.18,40.18,39.89,14783.4,0.29,0.73,40.254,39.828,39.0555,30356.3,33581.7,29418.2,0.02
145,2018-01-16,14:55:00,40.55,40.61,39.89,39.85,20932.6,-0.66,-1.63,40.18,39.64,38.932,34931.1,33669.2,29631.7,0.02
146,2018-01-16,14:50:00,40.59,40.62,40.55,40.37,30646.1,-0.04,-0.1,40.196,39.484,38.8125,42107.3,32856.8,28931.8,0.03
147,2018-01-16,14:45:00,40.11,40.7,40.59,40.11,44104.6,0.48,1.2,39.946,39.255,38.6585,40515.1,31321.6,27858.7,0.05
148,2018-01-16,14:40:00,39.88,40.1,40.06,39.75,41314.9,0.18,0.45,39.624,39.008,38.4975,40621.0,28228.9,25985.7,0.04
149,2018-01-16,14:35:00,40.05,40.05,39.81,39.81,37657.2,-0.24,-0.6,39.402,38.805,38.3685,36807.1,26268.7,24103.3,0.04
150,2018-01-16,14:30:00,39.35,40.2,39.97,39.35,56813.8,0.62,1.58,39.1,38.669,38.2485,32407.4,25977.7,22468.3,0.06
151,2018-01-16,14:25:00,38.98,39.33,39.3,38.94,22685.1,0.32,0.82,38.772,38.516,38.114,23606.2,23149.8,19974.2,0.02
152,2018-01-16,14:20:00,38.95,39.29,38.98,38.95,44634.1,0.03,0.08,38.564,38.427,38.0175,22128.0,23251.8,19131.2,0.05
153,2018-01-16,14:15:00,38.33,38.95,38.95,38.33,22245.2,0.62,1.62,38.392,38.379,37.94,15836.7,23863.7,17239.4,0.02
154,2018-01-16,14:10:00,38.3,38.38,38.3,38.09,15658.6,0.0,0.0,38.208,38.283,37.8725,15730.3,25254.7,16530.6,0.02
155,2018-01-16,14:05:00,38.26,38.38,38.33,38.26,12808.0,0.07,0.18,38.238,38.224,37.8455,19548.0,25594.1,16355.6,0.01
156,2018-01-16,14:00:00,38.11,38.29,38.26,38.05,15294.3,0.15,0.39,38.26,38.141,37.824,22693.4,25006.8,17098.6,0.02
157,2018-01-16,13:55:00,38.05,38.25,38.12,38.05,13177.6,0.07,0.18,38.29,38.062,37.783,24375.6,24395.8,16547.5,0.01
158,2018-01-16,13:50:00,38.46,38.46,38.03,38.01,21713.0,-0.43,-1.12,38.366,37.987,37.735,31890.6,23742.5,16047.8,0.02
159,2018-01-16,13:45:00,38.44,38.53,38.45,38.44,34747.0,0.01,0.03,38.358,37.932,37.692,34779.2,21937.8,15261.6,0.04
160,2018-01-16,13:40:00,38.4,38.56,38.44,38.36,28534.9,0.04,0.1,38.21,37.828,37.6335,31640.2,18958.8,13838.6,0.03
161,2018-01-16,13:35:00,38.46,38.46,38.41,38.3,23705.4,-0.05,-0.13,38.022,37.712,37.5715,27320.2,16798.7,13052.3,0.02
162,2018-01-16,13:30:00,38.06,38.5,38.5,38.04,50752.6,0.44,1.16,37.834,37.608,37.497,24415.9,15010.5,12398.3,0.05
163,2018-01-16,13:25:00,37.74,38.0,37.99,37.64,36156.0,0.25,0.66,37.608,37.501,37.4195,15594.4,10615.1,10256.7,0.04
164,2018-01-16,13:20:00,37.51,37.72,37.71,37.45,19052.1,0.2,0.53,37.506,37.462,37.366,9096.51,7806.46,9336.62,0.02
165,2018-01-16,13:15:00,37.47,37.57,37.5,37.45,6935.0,0.03,0.08,37.446,37.467,37.344,6277.49,7117.13,9043.82,0.01
166,2018-01-16,13:10:00,37.37,37.59,37.47,37.35,9184.04,0.1,0.27,37.402,37.507,37.3385,6277.11,9190.49,9432.58,0.01
167,2018-01-16,13:05:00,37.48,37.59,37.37,37.36,6644.7,-0.11,-0.29,37.382,37.504,37.3345,5605.1,8699.27,9828.04,0.01
168,2018-01-16,11:30:00,37.42,37.48,37.48,37.3,3666.7,0.06,0.16,37.394,37.483,37.349,5635.76,8353.1,11142.1,0.0
169,2018-01-16,11:25:00,37.3,37.49,37.41,37.25,4957.0,0.11,0.29,37.418,37.452,37.3545,6516.42,8585.28,11986.0,0.01
170,2018-01-16,11:20:00,37.35,37.44,37.28,37.2,6933.1,-0.07,-0.19,37.488,37.439,37.334,7956.78,8718.33,12708.0,0.01
171,2018-01-16,11:15:00,37.41,37.49,37.37,37.34,5824.0,-0.04,-0.11,37.612,37.431,37.31,12103.9,9305.92,13455.9,0.01
172,2018-01-16,11:10:00,37.58,37.58,37.43,37.4,6798.0,-0.15,-0.4,37.626,37.386,37.2745,11793.4,9786.02,15280.3,0.01
173,2018-01-16,11:05:00,37.75,37.75,37.6,37.51,8070.0,-0.15,-0.4,37.572,37.338,37.2595,11070.4,9898.27,15285.6,0.01
174,2018-01-16,11:00:00,37.91,37.93,37.76,37.72,12158.8,-0.15,-0.4,37.486,37.27,37.2335,10654.1,10866.8,15692.8,0.01
175,2018-01-16,10:55:00,37.47,38.0,37.9,37.44,27668.6,0.43,1.15,37.39,37.221,37.199,9479.88,10970.5,15711.0,0.03
176,2018-01-16,10:50:00,37.18,37.44,37.44,37.15,4271.82,0.26,0.7,37.25,37.17,37.155,6507.96,9674.66,15022.7,0.0
177,2018-01-16,10:45:00,37.18,37.22,37.16,37.12,3183.0,-0.02,-0.05,37.146,37.165,37.1535,7778.6,10956.8,15386.8,0.0
178,2018-01-16,10:40:00,37.27,37.33,37.17,37.16,5988.44,-0.1,-0.27,37.104,37.215,37.1695,8726.09,13931.2,15912.4,0.01
179,2018-01-16,10:35:00,37.22,37.36,37.28,37.16,6287.56,0.06,0.16,37.054,37.257,37.1765,11079.4,15386.6,16413.4,0.01
180,2018-01-16,10:30:00,36.92,37.23,37.2,36.92,12809.0,0.28,0.76,37.052,37.229,37.2015,12461.1,16697.6,17359.5,0.01
181,2018-01-16,10:25:00,36.95,36.97,36.92,36.84,10625.0,-0.03,-0.08,37.09,37.189,37.2195,12841.3,17605.9,18760.9,0.01
182,2018-01-16,10:20:00,36.95,37.08,36.95,36.8,7920.44,0.0,0.0,37.184,37.163,37.2255,14135.0,20774.6,19058.0,0.01
183,2018-01-16,10:15:00,37.26,37.26,36.92,36.92,17755.2,-0.34,-0.91,37.326,37.181,37.226,19136.2,20672.9,18955.8,0.02
184,2018-01-16,10:10:00,37.4,37.55,37.27,37.27,13196.0,-0.13,-0.35,37.46,37.197,37.223,19693.8,20518.9,18357.0,0.01
185,2018-01-16,10:05:00,37.4,37.4,37.39,37.2,14710.1,-0.01,-0.03,37.406,37.177,37.2085,20934.0,20451.5,18172.7,0.02
186,2018-01-16,10:00:00,37.65,37.66,37.39,37.3,17093.3,-0.26,-0.69,37.288,37.14,37.1815,22370.4,20370.8,17886.8,0.02
187,2018-01-16,09:55:00,37.59,37.75,37.66,37.46,32926.5,0.07,0.19,37.142,37.142,37.151,27414.1,19816.9,17592.6,0.03
188,2018-01-16,09:50:00,36.99,37.6,37.59,36.94,20543.2,0.6,1.62,37.036,37.124,37.112,22209.7,17893.7,16706.2,0.02
189,2018-01-16,09:45:00,36.81,37.0,37.0,36.72,19397.0,0.19,0.52,36.934,37.096,37.0845,21344.0,17440.2,16435.6,0.02
190,2018-01-16,09:40:00,36.7,36.89,36.8,36.64,21892.1,0.1,0.27,36.948,37.174,37.0835,19969.0,18021.5,16625.4,0.02
191,2018-01-16,09:35:00,36.5,37.08,36.66,36.48,42311.8,0.16,0.44,36.992,37.25,37.094,18371.2,19915.9,16318.8,0.04
192,2018-01-15,15:00:00,37.08,37.14,37.13,37.06,6904.24,0.05,0.13,37.142,37.288,37.096,12219.6,17341.5,14442.6,0.01
193,2018-01-15,14:55:00,37.07,37.08,37.08,36.83,16214.9,0.01,0.03,37.212,37.271,37.0755,13577.7,17238.6,14333.2,0.02
194,2018-01-15,14:50:00,37.05,37.1,37.07,37.01,12522.0,0.02,0.05,37.258,37.249,37.062,13536.5,16195.0,13772.2,0.01
195,2018-01-15,14:45:00,37.41,37.42,37.02,36.95,13903.0,-0.39,-1.04,37.4,37.24,37.0485,16074.0,15893.9,13410.8,0.01
196,2018-01-15,14:40:00,37.47,37.56,37.41,37.3,11554.0,-0.06,-0.16,37.508,37.223,37.0235,21460.6,15402.9,12914.7,0.01
197,2018-01-15,14:35:00,37.3,37.49,37.48,37.13,13694.4,0.18,0.48,37.434,37.16,36.998,22463.4,15368.3,12740.9,0.01
198,2018-01-15,14:30:00,37.75,37.77,37.31,37.3,16008.9,-0.44,-1.17,37.33,37.1,36.9685,20899.5,15518.8,12320.1,0.02
199,2018-01-15,14:25:00,37.56,38.0,37.78,37.56,25209.8,0.22,0.59,37.24,37.073,36.9515,18853.5,15431.0,12333.5,0.03
200,2018-01-15,14:20:00,37.07,37.56,37.56,37.07,40835.8,0.49,1.32,37.08,36.993,36.897,15713.7,15229.3,11236.8,0.04
201,2018-01-15,14:15:00,36.96,37.05,37.04,36.91,16568.1,0.08,0.22,36.938,36.938,36.855,9345.19,12721.7,9597.33,0.02
202,2018-01-15,14:10:00,36.84,36.98,36.96,36.84,5875.0,0.12,0.33,36.886,36.904,36.8295,8273.17,11543.7,9049.52,0.01
203,2018-01-15,14:05:00,36.97,36.99,36.86,36.81,5779.0,-0.11,-0.3,36.87,36.88,36.81,10138.0,11427.7,9135.07,0.01
204,2018-01-15,14:00:00,36.81,36.99,36.98,36.81,9510.56,0.17,0.46,36.906,36.875,36.7995,12008.4,11349.4,9196.22,0.01
205,2018-01-15,13:55:00,36.76,36.96,36.85,36.76,8993.28,0.09,0.24,36.906,36.857,36.784,14744.8,10927.7,9035.29,0.01
206,2018-01-15,13:50:00,36.87,36.99,36.78,36.77,11208.0,-0.09,-0.24,36.938,36.824,36.775,16098.2,10426.4,8928.73,0.01
207,2018-01-15,13:45:00,37.03,37.06,36.88,36.81,15199.3,-0.15,-0.41,36.922,36.836,36.7675,14814.2,10113.6,8848.96,0.02
208,2018-01-15,13:40:00,36.96,37.04,37.04,36.94,15131.1,0.08,0.22,36.89,36.837,36.7555,12717.5,9121.47,8766.17,0.02
209,2018-01-15,13:35:00,37.01,37.04,36.98,36.94,23192.5,-0.03,-0.08,36.844,36.83,36.7415,10690.4,9235.95,10258.1,0.02
210,2018-01-15,13:30:00,36.71,37.03,37.01,36.71,15759.9,0.3,0.82,36.808,36.801,36.7325,7110.66,7244.42,10252.8,0.02
211,2018-01-15,13:25:00,36.73,36.8,36.7,36.7,4788.0,-0.03,-0.08,36.71,36.772,36.722,4754.68,6472.99,11453.3,0.0
212,2018-01-15,13:20:00,36.79,36.81,36.72,36.6,4715.8,-0.07,-0.19,36.75,36.755,36.718,5413.04,6555.37,12300.7,0.0
213,2018-01-15,13:15:00,36.85,36.85,36.81,36.7,4996.0,-0.04,-0.11,36.784,36.74,36.705,5525.48,6842.39,12887.6,0.01
214,2018-01-15,13:10:00,36.56,36.84,36.8,36.52,5293.6,0.24,0.66,36.816,36.724,36.693,7781.46,7042.99,14216.6,0.01
215,2018-01-15,13:05:00,36.76,36.76,36.52,36.42,3980.0,-0.24,-0.65,36.794,36.711,36.68,7378.18,7142.83,15729.2,0.0
216,2018-01-15,11:30:00,36.91,36.99,36.9,36.9,8079.8,-0.01,-0.03,36.834,36.726,36.6665,8191.29,7431.05,16539.7,0.01
217,2018-01-15,11:25:00,36.98,36.99,36.89,36.86,5278.0,-0.09,-0.24,36.76,36.699,36.624,7697.69,7584.31,16887.6,0.01
218,2018-01-15,11:20:00,36.69,37.0,36.97,36.69,16275.9,0.28,0.76,36.696,36.674,36.574,8159.31,8410.86,17658.7,0.02
219,2018-01-15,11:15:00,36.58,36.73,36.69,36.58,3277.2,0.11,0.3,36.632,36.653,36.5205,6304.52,11280.3,18265.5,0.0
220,2018-01-15,11:10:00,36.56,36.76,36.72,36.53,8045.56,0.16,0.44,36.628,36.664,36.5105,6907.48,13261.1,20331.1,0.01
221,2018-01-15,11:05:00,36.56,36.6,36.53,36.5,5611.8,-0.03,-0.08,36.618,36.672,36.452,6670.8,16433.6,20145.5,0.01
222,2018-01-15,11:00:00,36.69,36.69,36.57,36.56,7586.08,-0.12,-0.33,36.638,36.681,36.404,7470.94,18046.0,20194.3,0.01
223,2018-01-15,10:55:00,36.6,36.69,36.65,36.55,7001.96,0.05,0.14,36.652,36.67,36.349,8662.42,18932.8,20137.1,0.01
224,2018-01-15,10:50:00,36.7,36.76,36.67,36.65,6292.0,-0.03,-0.08,36.674,36.662,36.2915,16256.1,21390.2,20110.1,0.01
225,2018-01-15,10:45:00,36.62,36.7,36.67,36.55,6862.16,0.05,0.14,36.7,36.649,36.2335,19614.8,24315.6,20121.4,0.01
226,2018-01-15,10:40:00,36.63,36.7,36.63,36.62,9612.48,0.0,0.0,36.726,36.607,36.178,26196.5,25648.4,20143.8,0.01
227,2018-01-15,10:35:00,36.75,36.75,36.64,36.53,13543.5,-0.11,-0.3,36.724,36.549,36.131,28621.1,26191.0,20084.2,0.01
228,2018-01-15,10:30:00,36.8,37.1,36.76,36.75,44970.3,-0.04,-0.11,36.688,36.474,36.0815,29203.2,26906.5,20048.0,0.05
229,2018-01-15,10:25:00,36.8,36.84,36.8,36.69,23085.4,0.0,0.0,36.65,36.388,36.0235,26524.3,25250.8,18076.1,0.02
230,2018-01-15,10:20:00,36.63,36.8,36.8,36.62,39770.6,0.17,0.46,36.598,36.357,35.963,29016.4,27401.0,17190.8,0.04
231,2018-01-15,10:15:00,36.49,36.65,36.62,36.39,21735.7,0.13,0.36,36.488,36.232,35.902,25100.3,23857.5,15437.1,0.02
232,2018-01-15,10:10:00,36.6,36.6,36.46,36.38,16454.0,-0.14,-0.38,36.374,36.127,35.8505,23760.8,22342.6,14632.4,0.02
233,2018-01-15,10:05:00,36.53,36.65,36.57,36.42,31575.7,0.04,0.11,36.26,36.028,35.7995,24609.8,21341.5,13950.8,0.03
234,2018-01-15,10:00:00,36.25,36.54,36.54,36.24,35545.9,0.29,0.8,36.126,35.921,35.744,23977.2,18830.1,12569.6,0.04
235,2018-01-15,09:55:00,36.05,36.29,36.25,36.05,20190.0,0.2,0.55,36.116,35.818,35.692,25785.7,15927.2,10973.7,0.02
236,2018-01-15,09:50:00,35.89,36.15,36.05,35.88,15038.5,0.16,0.45,35.976,35.749,35.649,22614.6,14639.2,10126.8,0.02
237,2018-01-15,09:45:00,35.9,36.0,35.89,35.72,20699.0,-0.01,-0.03,35.88,35.713,35.6115,20924.3,13977.5,9543.97,0.02
238,2018-01-15,09:40:00,36.45,36.45,35.9,35.65,28412.7,-0.55,-1.51,35.796,35.689,35.5845,18073.1,13189.5,8769.25,0.03
239,2018-01-15,09:35:00,35.91,36.5,36.49,35.86,44588.3,0.58,1.62,35.716,35.659,35.5605,13683.0,10901.5,7634.92,0.05
240,2018-01-12,15:00:00,35.57,35.58,35.55,35.5,4334.72,-0.02,-0.06,35.52,35.569,35.5135,6068.62,6980.58,5616.0,0.0
241,2018-01-12,14:55:00,35.48,35.6,35.57,35.47,6586.68,0.09,0.25,35.522,35.572,35.5055,6663.67,7016.71,5644.2,0.01
242,2018-01-12,14:50:00,35.5,35.55,35.47,35.45,6443.28,-0.03,-0.08,35.546,35.574,35.4915,7030.78,6922.24,5624.02,0.01
243,2018-01-12,14:45:00,35.51,35.62,35.5,35.5,6462.0,-0.01,-0.03,35.582,35.571,35.4845,8305.86,6560.11,5715.16,0.01
244,2018-01-12,14:40:00,35.6,35.63,35.51,35.49,6516.4,-0.09,-0.25,35.602,35.567,35.4865,8119.96,6309.11,5654.16,0.01
245,2018-01-12,14:35:00,35.69,35.69,35.56,35.48,7310.0,-0.13,-0.36,35.618,35.566,35.4815,7892.55,6020.17,5607.06,0.01
246,2018-01-12,14:30:00,35.64,35.7,35.69,35.49,8422.2,0.05,0.14,35.622,35.549,35.481,7369.75,5614.46,5459.22,0.01
247,2018-01-12,14:25:00,35.6,35.8,35.65,35.4,12818.7,0.05,0.14,35.602,35.51,35.4755,6813.71,5110.42,5198.61,0.01
248,2018-01-12,14:20:00,35.59,35.64,35.6,35.44,5532.48,0.01,0.03,35.56,35.48,35.4695,4814.37,4349.01,4850.62,0.01
249,2018-01-12,14:15:00,35.57,35.66,35.59,35.48,5379.36,0.02,0.06,35.532,35.462,35.475,4498.27,4368.36,4707.25,0.01
250,2018-01-12,14:10:00,35.6,35.6,35.58,35.54,4696.0,-0.02,-0.06,35.514,35.458,35.475,4147.8,4251.42,4606.28,0.0
251,2018-01-12,14:05:00,35.43,35.65,35.59,35.43,5642.0,0.16,0.45,35.476,35.439,35.483,3859.18,4271.7,4513.33,0.01
252,2018-01-12,14:00:00,35.46,35.46,35.44,35.4,2822.0,-0.02,-0.06,35.418,35.409,35.487,3407.13,4325.8,4544.64,0.0
253,2018-01-12,13:55:00,35.48,35.52,35.46,35.46,3952.0,-0.02,-0.06,35.4,35.398,35.5005,3883.65,4870.2,4952.84,0.0
254,2018-01-12,13:50:00,35.39,35.53,35.5,35.39,3627.0,0.11,0.31,35.392,35.406,35.517,4238.45,4999.2,5080.74,0.0
255,2018-01-12,13:45:00,35.3,35.39,35.39,35.26,3252.88,0.09,0.25,35.402,35.397,35.5315,4355.05,5193.96,5401.94,0.0
256,2018-01-12,13:40:00,35.36,35.37,35.3,35.28,3381.76,-0.06,-0.17,35.402,35.413,35.555,4684.22,5303.97,5774.35,0.0
257,2018-01-12,13:35:00,35.42,35.5,35.35,35.24,5204.6,-0.07,-0.2,35.4,35.441,35.5825,5244.47,5286.8,6138.91,0.01
258,2018-01-12,13:30:00,35.56,35.61,35.42,35.38,5726.0,-0.14,-0.39,35.396,35.459,35.608,5856.75,5352.24,6335.33,0.01
259,2018-01-12,13:25:00,35.38,35.59,35.55,35.36,4210.0,0.17,0.48,35.42,35.488,35.633,5759.96,5046.14,6784.58,0.0
260,2018-01-12,13:20:00,35.3,35.4,35.39,35.3,4898.76,0.09,0.25,35.392,35.492,35.653,6032.86,4961.14,7785.58,0.01
261,2018-01-12,13:15:00,35.33,35.36,35.29,35.28,6183.0,-0.04,-0.11,35.424,35.527,35.699,5923.72,4754.96,8597.66,0.01
262,2018-01-12,13:10:00,35.53,35.55,35.33,35.33,8266.0,-0.2,-0.56,35.482,35.565,35.7545,5329.12,4763.47,9753.66,0.01
263,2018-01-12,13:05:00,35.43,35.54,35.54,35.43,5242.04,0.11,0.31,35.522,35.603,35.8045,4847.72,5035.47,10771.0,0.01
264,2018-01-12,11:30:00,35.54,35.54,35.41,35.41,5574.52,-0.13,-0.37,35.556,35.628,35.8495,4332.31,5162.27,12207.7,0.01
265,2018-01-12,11:25:00,35.6,35.6,35.55,35.51,4353.04,-0.05,-0.14,35.592,35.666,35.888,3889.41,5609.93,13713.4,0.0
266,2018-01-12,11:20:00,35.53,35.65,35.58,35.52,3210.0,0.05,0.14,35.63,35.697,35.917,3586.2,6244.72,15976.5,0.0
267,2018-01-12,11:15:00,35.71,35.71,35.53,35.52,5859.0,-0.18,-0.5,35.648,35.724,35.9335,4197.82,6991.02,17864.2,0.01
268,2018-01-12,11:10:00,35.6,35.73,35.71,35.59,2665.0,0.11,0.31,35.684,35.757,35.9455,5223.22,7318.42,18893.7,0.0
269,2018-01-12,11:05:00,35.74,35.75,35.59,35.59,3360.0,-0.15,-0.42,35.7,35.778,35.9165,5992.22,8523.02,18979.3,0.0
270,2018-01-12,11:00:00,35.67,35.8,35.74,35.67,2837.0,0.07,0.2,35.74,35.814,35.8955,7330.44,10610.0,19160.7,0.0
271,2018-01-12,10:55:00,35.72,35.75,35.67,35.61,6268.12,-0.05,-0.14,35.764,35.871,35.862,8903.24,12440.4,19298.4,0.01
272,2018-01-12,10:50:00,35.79,35.79,35.71,35.56,10986.0,-0.08,-0.22,35.8,35.944,35.8335,9784.22,14743.8,19227.4,0.01
273,2018-01-12,10:45:00,35.79,35.84,35.79,35.74,6510.0,0.0,0.0,35.83,36.006,35.8075,9413.62,16506.6,18852.3,0.01
274,2018-01-12,10:40:00,35.86,35.86,35.79,35.76,10051.1,-0.07,-0.2,35.856,36.071,35.773,11053.8,19253.1,18770.6,0.01
275,2018-01-12,10:35:00,35.85,35.92,35.86,35.85,10701.0,0.01,0.03,35.888,36.11,35.7335,13889.6,21816.8,18500.5,0.01
276,2018-01-12,10:30:00,35.88,35.99,35.85,35.83,10673.0,-0.03,-0.08,35.978,36.137,35.6885,15977.5,25708.2,18196.2,0.01
277,2018-01-12,10:25:00,35.92,35.95,35.86,35.83,9133.0,-0.06,-0.17,36.088,36.143,35.652,19703.5,28737.4,17811.7,0.01
278,2018-01-12,10:20:00,35.94,36.0,35.92,35.9,14711.0,-0.02,-0.06,36.182,36.134,35.616,23599.5,30468.9,17567.9,0.02
279,2018-01-12,10:15:00,36.31,36.32,35.95,35.94,24230.0,-0.36,-0.99,36.286,36.055,35.583,27452.3,29435.6,17253.4,0.02
280,2018-01-12,10:10:00,36.39,36.52,36.31,36.31,21140.4,-0.08,-0.22,36.332,35.977,35.545,29744.0,27711.4,16472.4,0.02
281,2018-01-12,10:05:00,36.33,36.55,36.4,36.3,29303.0,0.07,0.19,36.296,35.853,35.4795,35438.9,26156.5,15845.5,0.03
282,2018-01-12,10:00:00,36.44,36.6,36.33,36.32,28613.3,-0.11,-0.3,36.198,35.723,35.4055,37771.4,23710.9,14784.1,0.03
